classification,q1_id,q2_id,q1_text,q2_text,reason,answer_sim
DUPLICATE,6d181bd9-28c7-4db1-97c7-f3a23d6a2df4,ef5f403f-33f2-4ab1-a5ca-8d4452512179,Explain how Global error handler operates in the context of API Logic & Middleware. What are the primary trade-offs when choosing this approach over standard alternatives in Backend Developer applicat,Explain how Global error handler operates in the context of API Logic & Middleware. What are the primary trade-offs when choosing this approach over standard alternatives in Backend Developer applicat,"Q_Sim: 1.00, A_Sim: 0.00",0.0
DUPLICATE,6d181bd9-28c7-4db1-97c7-f3a23d6a2df4,17a810b2-a23f-45fc-bf5b-2bde784e7bd7,Explain how Global error handler operates in the context of API Logic & Middleware. What are the primary trade-offs when choosing this approach over standard alternatives in Backend Developer applicat,Explain how Global error handler operates in the context of API Logic & Middleware. What are the primary trade-offs when choosing this approach over standard alternatives in Backend Developer applicat,"Q_Sim: 1.00, A_Sim: 0.00",0.0
DUPLICATE,b46d049c-c857-416b-acbd-04e0436a9550,d51e9407-c0b8-4061-8607-b5bf81593c92,"### Technical Interview Question: What is JSON and its common operations

**Role**: Frontend Developer | **Topic**: JavaScript Core & DOM | **Difficulty**: Medium

#### Technical Explanation & Model A","### Technical Interview Question: # Common Operations with JSON

**Role**: Frontend Developer | **Topic**: JavaScript Core & DOM | **Difficulty**: Hard

#### Technical Explanation & Model Answer
1. **","Q_Sim: 0.95, A_Sim: 0.00",0.0
DUPLICATE,9c71ef6c-2ea6-45ae-ac27-38d9162beb47,8474cb66-ee11-4c2d-90fe-8bc66aea3d2e,"### Technical Interview Question: ## Answer: 1

**Role**: Frontend Developer | **Topic**: JavaScript Core & DOM | **Difficulty**: Medium

#### Technical Explanation & Model Answer
This is due to the f","### Technical Interview Question: ## Answer: 1

**Role**: Frontend Developer | **Topic**: JavaScript Core & DOM | **Difficulty**: Medium

#### Technical Explanation & Model Answer
Even though there is","Q_Sim: 1.00, A_Sim: 0.00",0.0
DUPLICATE,9c71ef6c-2ea6-45ae-ac27-38d9162beb47,65d996d9-3e16-481b-a1d8-01d488d8212b,"### Technical Interview Question: ## Answer: 1

**Role**: Frontend Developer | **Topic**: JavaScript Core & DOM | **Difficulty**: Medium

#### Technical Explanation & Model Answer
This is due to the f","### Technical Interview Question: ## Answer: 4

**Role**: Frontend Developer | **Topic**: JavaScript Core & DOM | **Difficulty**: Medium

#### Technical Explanation & Model Answer
When the JavaScript ","Q_Sim: 0.97, A_Sim: 0.00",0.0
DUPLICATE,9c71ef6c-2ea6-45ae-ac27-38d9162beb47,209a37d3-fec4-4bbb-b23e-a40091937e15,"### Technical Interview Question: ## Answer: 1

**Role**: Frontend Developer | **Topic**: JavaScript Core & DOM | **Difficulty**: Medium

#### Technical Explanation & Model Answer
This is due to the f","### Technical Interview Question: ## Answer: 2

**Role**: Frontend Developer | **Topic**: JavaScript Core & DOM | **Difficulty**: Medium

#### Technical Explanation & Model Answer
In JavaScript, the v","Q_Sim: 0.97, A_Sim: 0.00",0.0
DUPLICATE,4601130a-6f94-4bac-943a-16639c5e5389,db69c8c9-0c2f-4581-9a40-99c49a543bba,"### Technical Interview Question: # 5. What is the output of below code

**Role**: Frontend Developer | **Topic**: JavaScript Core & DOM | **Difficulty**: Hard

#### Technical Explanation & Model Answ","### Technical Interview Question: # 6. What is the output of below code

**Role**: Frontend Developer | **Topic**: JavaScript Core & DOM | **Difficulty**: Hard

#### Technical Explanation & Model Answ","Q_Sim: 1.00, A_Sim: 0.00",0.0
DUPLICATE,4601130a-6f94-4bac-943a-16639c5e5389,2eebdd6a-281f-4a79-89e6-50c721876672,"### Technical Interview Question: # 5. What is the output of below code

**Role**: Frontend Developer | **Topic**: JavaScript Core & DOM | **Difficulty**: Hard

#### Technical Explanation & Model Answ","### Technical Interview Question: # 1. What is the output of below code

**Role**: Frontend Developer | **Topic**: JavaScript Core & DOM | **Difficulty**: Hard

#### Technical Explanation & Model Answ","Q_Sim: 1.00, A_Sim: 0.00",0.0
DUPLICATE,4601130a-6f94-4bac-943a-16639c5e5389,0594dde0-30af-4ff4-be16-e69d76f65112,"### Technical Interview Question: # 5. What is the output of below code

**Role**: Frontend Developer | **Topic**: JavaScript Core & DOM | **Difficulty**: Hard

#### Technical Explanation & Model Answ","### Technical Interview Question: # 3. What is the output of below code

**Role**: Frontend Developer | **Topic**: JavaScript Core & DOM | **Difficulty**: Hard

#### Technical Explanation & Model Answ","Q_Sim: 1.00, A_Sim: 0.00",0.0
DUPLICATE,4601130a-6f94-4bac-943a-16639c5e5389,1553999b-1f82-4e50-8b27-c3f1580109f1,"### Technical Interview Question: # 5. What is the output of below code

**Role**: Frontend Developer | **Topic**: JavaScript Core & DOM | **Difficulty**: Hard

#### Technical Explanation & Model Answ","### Technical Interview Question: # 7. What is the output of below code

**Role**: Frontend Developer | **Topic**: JavaScript Core & DOM | **Difficulty**: Hard

#### Technical Explanation & Model Answ","Q_Sim: 1.00, A_Sim: 0.00",0.0
DUPLICATE,4601130a-6f94-4bac-943a-16639c5e5389,636b8a13-0660-4823-bfb4-42660864a71e,"### Technical Interview Question: # 5. What is the output of below code

**Role**: Frontend Developer | **Topic**: JavaScript Core & DOM | **Difficulty**: Hard

#### Technical Explanation & Model Answ","### Technical Interview Question: # 9. What is the output of below code

**Role**: Frontend Developer | **Topic**: JavaScript Core & DOM | **Difficulty**: Hard

#### Technical Explanation & Model Answ","Q_Sim: 1.00, A_Sim: 0.00",0.0
DUPLICATE,4601130a-6f94-4bac-943a-16639c5e5389,b3415d54-221a-4a55-9d34-e601d2d653b3,"### Technical Interview Question: # 5. What is the output of below code

**Role**: Frontend Developer | **Topic**: JavaScript Core & DOM | **Difficulty**: Hard

#### Technical Explanation & Model Answ","### Technical Interview Question: # 2. What is the output of below code

**Role**: Frontend Developer | **Topic**: JavaScript Core & DOM | **Difficulty**: Hard

#### Technical Explanation & Model Answ","Q_Sim: 1.00, A_Sim: 0.00",0.0
DUPLICATE,db69c8c9-0c2f-4581-9a40-99c49a543bba,2eebdd6a-281f-4a79-89e6-50c721876672,"### Technical Interview Question: # 6. What is the output of below code

**Role**: Frontend Developer | **Topic**: JavaScript Core & DOM | **Difficulty**: Hard

#### Technical Explanation & Model Answ","### Technical Interview Question: # 1. What is the output of below code

**Role**: Frontend Developer | **Topic**: JavaScript Core & DOM | **Difficulty**: Hard

#### Technical Explanation & Model Answ","Q_Sim: 1.00, A_Sim: 0.00",0.0
DUPLICATE,db69c8c9-0c2f-4581-9a40-99c49a543bba,0594dde0-30af-4ff4-be16-e69d76f65112,"### Technical Interview Question: # 6. What is the output of below code

**Role**: Frontend Developer | **Topic**: JavaScript Core & DOM | **Difficulty**: Hard

#### Technical Explanation & Model Answ","### Technical Interview Question: # 3. What is the output of below code

**Role**: Frontend Developer | **Topic**: JavaScript Core & DOM | **Difficulty**: Hard

#### Technical Explanation & Model Answ","Q_Sim: 1.00, A_Sim: 0.00",0.0
DUPLICATE,db69c8c9-0c2f-4581-9a40-99c49a543bba,1553999b-1f82-4e50-8b27-c3f1580109f1,"### Technical Interview Question: # 6. What is the output of below code

**Role**: Frontend Developer | **Topic**: JavaScript Core & DOM | **Difficulty**: Hard

#### Technical Explanation & Model Answ","### Technical Interview Question: # 7. What is the output of below code

**Role**: Frontend Developer | **Topic**: JavaScript Core & DOM | **Difficulty**: Hard

#### Technical Explanation & Model Answ","Q_Sim: 1.00, A_Sim: 0.00",0.0
DUPLICATE,db69c8c9-0c2f-4581-9a40-99c49a543bba,636b8a13-0660-4823-bfb4-42660864a71e,"### Technical Interview Question: # 6. What is the output of below code

**Role**: Frontend Developer | **Topic**: JavaScript Core & DOM | **Difficulty**: Hard

#### Technical Explanation & Model Answ","### Technical Interview Question: # 9. What is the output of below code

**Role**: Frontend Developer | **Topic**: JavaScript Core & DOM | **Difficulty**: Hard

#### Technical Explanation & Model Answ","Q_Sim: 1.00, A_Sim: 0.00",0.0
DUPLICATE,db69c8c9-0c2f-4581-9a40-99c49a543bba,b3415d54-221a-4a55-9d34-e601d2d653b3,"### Technical Interview Question: # 6. What is the output of below code

**Role**: Frontend Developer | **Topic**: JavaScript Core & DOM | **Difficulty**: Hard

#### Technical Explanation & Model Answ","### Technical Interview Question: # 2. What is the output of below code

**Role**: Frontend Developer | **Topic**: JavaScript Core & DOM | **Difficulty**: Hard

#### Technical Explanation & Model Answ","Q_Sim: 1.00, A_Sim: 0.00",0.0
DUPLICATE,f4b84e6a-cbc5-4abc-b5f9-904bc464c390,0af757a9-d291-4c48-b731-2ae26b2fa8f3,Explain how Prototypes operates in the context of JavaScript Core & ES6+. What are the primary trade-offs when choosing this approach over standard alternatives in Frontend Developer applications?,Explain how Prototypes operates in the context of JavaScript Core & ES6+. What are the primary trade-offs when choosing this approach over standard alternatives in Frontend Developer applications?,"Q_Sim: 1.00, A_Sim: 0.00",0.0
DUPLICATE,ca194b58-e288-415d-8c07-c64d60d6a25d,5691b807-d54f-451a-8faa-f64503a6e3aa,Explain how Reflow/Repaint operates in the context of Browser Architecture & Performance. What are the primary trade-offs when choosing this approach over standard alternatives in Frontend Developer a,Explain how Reflow/Repaint operates in the context of Browser Architecture & Performance. What are the primary trade-offs when choosing this approach over standard alternatives in Frontend Developer a,"Q_Sim: 1.00, A_Sim: 0.00",0.0
DUPLICATE,2ac14e11-3c5d-478a-ae71-5230b837be08,080e543e-d65e-44b6-89ed-e4cd77614583,"### Technical Interview Question: # Source(s) and further reading

**Role**: Backend Developer | **Topic**: Server Architecture & Scaling | **Difficulty**: Easy

#### Technical Explanation & Model Ans","### Technical Interview Question: # Source(s) and further reading

**Role**: Backend Developer | **Topic**: Server Architecture & Scaling | **Difficulty**: Easy

#### Technical Explanation & Model Ans","Q_Sim: 1.00, A_Sim: 0.00",0.0
DUPLICATE,dd126db0-15e6-432d-9b99-39202ec95758,74d4a095-c1d3-4dde-ba31-719c9f972a4e,Explain how GraphQL operates in the context of Client-Side API Integration. What are the primary trade-offs when choosing this approach over standard alternatives in Frontend Developer applications?,Explain how GraphQL operates in the context of Client-Side API Integration. What are the primary trade-offs when choosing this approach over standard alternatives in Frontend Developer applications?,"Q_Sim: 1.00, A_Sim: 0.00",0.0
DUPLICATE,c711af56-d110-460f-af8f-b893ea0ca641,6b987d97-b2b5-4e32-ac04-75febf072096,Explain how Axios operates in the context of Client-Side API Integration. What are the primary trade-offs when choosing this approach over standard alternatives in Frontend Developer applications?,Explain how Axios operates in the context of Client-Side API Integration. What are the primary trade-offs when choosing this approach over standard alternatives in Frontend Developer applications?,"Q_Sim: 1.00, A_Sim: 0.00",0.0
DUPLICATE,74f8069e-9775-46a5-bf1a-c4fb0861e152,4710b166-19fd-4422-acf4-27b28076e6f1,Explain how Throttle operates in the context of JavaScript Algorithm Problems. What are the primary trade-offs when choosing this approach over standard alternatives in Frontend Developer applications,Explain how Throttle operates in the context of JavaScript Algorithm Problems. What are the primary trade-offs when choosing this approach over standard alternatives in Frontend Developer applications,"Q_Sim: 1.00, A_Sim: 0.00",0.0
DUPLICATE,f2278314-2012-4475-aa57-8a5f47742fec,d2cd4976-0133-482f-9b04-079f5c714427,Explain how Memoize operates in the context of JavaScript Algorithm Problems. What are the primary trade-offs when choosing this approach over standard alternatives in Frontend Developer applications?,Explain how Memoize operates in the context of JavaScript Algorithm Problems. What are the primary trade-offs when choosing this approach over standard alternatives in Frontend Developer applications?,"Q_Sim: 1.00, A_Sim: 0.00",0.0
DUPLICATE,b8a82713-28a6-493b-9d4d-e23570c76ed6,10b3830f-f2be-4215-a733-30e136caa6d9,Explain how Currying operates in the context of JavaScript Algorithm Problems. What are the primary trade-offs when choosing this approach over standard alternatives in Frontend Developer applications,Explain how Currying operates in the context of JavaScript Algorithm Problems. What are the primary trade-offs when choosing this approach over standard alternatives in Frontend Developer applications,"Q_Sim: 1.00, A_Sim: 0.00",0.0
DUPLICATE,dd07335a-a079-446c-8e6f-0f7b2726bec1,b86e1038-18e6-4d0c-b68a-6d785359fca7,Explain how Deep Clone operates in the context of JavaScript Algorithm Problems. What are the primary trade-offs when choosing this approach over standard alternatives in Frontend Developer applicatio,Explain how Deep Clone operates in the context of JavaScript Algorithm Problems. What are the primary trade-offs when choosing this approach over standard alternatives in Frontend Developer applicatio,"Q_Sim: 1.00, A_Sim: 0.00",0.0
DUPLICATE,2bf39cbb-67aa-4af9-b32b-10bb90e181de,67c77f03-86bb-43d8-ab3a-887c69264c06,"### Technical Interview Question: Layer 7 load balancing

**Role**: Backend Developer | **Topic**: Server Architecture & Scaling | **Difficulty**: Medium

#### Technical Explanation & Model Answer
Lay","### Technical Interview Question: Layer 4 load balancing

**Role**: Backend Developer | **Topic**: Server Architecture & Scaling | **Difficulty**: Medium

#### Technical Explanation & Model Answer
Lay","Q_Sim: 1.00, A_Sim: 0.00",0.0
DUPLICATE,bdf604bd-b0ff-4c77-9088-fd137f521708,fbb3586f-b800-41a3-ba8b-522f65c87a34,Explain how search autocomplete with debouncing operates in the context of React Component Tasks. What are the primary trade-offs when choosing this approach over standard alternatives in Frontend Dev,Explain how search autocomplete with debouncing operates in the context of React Component Tasks. What are the primary trade-offs when choosing this approach over standard alternatives in Frontend Dev,"Q_Sim: 1.00, A_Sim: 0.00",0.0
DUPLICATE,bdf604bd-b0ff-4c77-9088-fd137f521708,183625f4-2d36-4ca1-b048-6e0c7453e163,Explain how search autocomplete with debouncing operates in the context of React Component Tasks. What are the primary trade-offs when choosing this approach over standard alternatives in Frontend Dev,Explain how search autocomplete with debouncing operates in the context of React Component Tasks. What are the primary trade-offs when choosing this approach over standard alternatives in Frontend Dev,"Q_Sim: 1.00, A_Sim: 0.00",0.0
DUPLICATE,ed1c8848-b1c9-434e-870d-79aed32d2e21,74c48cc8-a0da-41b5-84ca-74ccff5c7f43,Explain how theme switcher operates in the context of React Component Tasks. What are the primary trade-offs when choosing this approach over standard alternatives in Frontend Developer applications?,Explain how theme switcher operates in the context of React Component Tasks. What are the primary trade-offs when choosing this approach over standard alternatives in Frontend Developer applications?,"Q_Sim: 1.00, A_Sim: 0.00",0.0
DUPLICATE,ed1c8848-b1c9-434e-870d-79aed32d2e21,164b1040-5b23-4b90-806c-87e4d2013559,Explain how theme switcher operates in the context of React Component Tasks. What are the primary trade-offs when choosing this approach over standard alternatives in Frontend Developer applications?,Explain how theme switcher operates in the context of React Component Tasks. What are the primary trade-offs when choosing this approach over standard alternatives in Frontend Developer applications?,"Q_Sim: 1.00, A_Sim: 0.00",0.0
DUPLICATE,782df3a0-ebcd-4f27-b6df-0175ad61edde,79a02ae5-e3cd-4d0b-bed1-e8554d7ebfb6,Explain how Status Codes (2xx operates in the context of RESTful API Design & Standards. What are the primary trade-offs when choosing this approach over standard alternatives in Backend Developer app,Explain how Status Codes (2xx operates in the context of RESTful API Design & Standards. What are the primary trade-offs when choosing this approach over standard alternatives in Backend Developer app,"Q_Sim: 1.00, A_Sim: 0.00",0.0
DUPLICATE,a34a38e4-d06c-42c1-9dd4-b0f8605139fd,44427f03-9d1b-4cd8-9147-fadefc8c533e,Explain how ACID transactions operates in the context of Database Management & SQL. What are the primary trade-offs when choosing this approach over standard alternatives in Backend Developer applicat,Explain how ACID transactions operates in the context of Database Management & SQL. What are the primary trade-offs when choosing this approach over standard alternatives in Backend Developer applicat,"Q_Sim: 1.00, A_Sim: 0.00",0.0
DUPLICATE,a34a38e4-d06c-42c1-9dd4-b0f8605139fd,42f9f947-1ee8-450b-a38d-c98bf4c6dc14,Explain how ACID transactions operates in the context of Database Management & SQL. What are the primary trade-offs when choosing this approach over standard alternatives in Backend Developer applicat,Explain how ACID transactions operates in the context of Database Management & SQL. What are the primary trade-offs when choosing this approach over standard alternatives in Backend Developer applicat,"Q_Sim: 1.00, A_Sim: 0.00",0.0
DUPLICATE,c0fbf4b7-cf99-4a87-a601-f0310d1b094e,2eeecb79-b305-4193-bcca-026d8b75c590,Explain how OAuth 2.0 operates in the context of Authentication & Authorization. What are the primary trade-offs when choosing this approach over standard alternatives in Backend Developer application,Explain how OAuth 2.0 operates in the context of Authentication & Authorization. What are the primary trade-offs when choosing this approach over standard alternatives in Backend Developer application,"Q_Sim: 1.00, A_Sim: 0.00",0.0
DUPLICATE,2eebdd6a-281f-4a79-89e6-50c721876672,0594dde0-30af-4ff4-be16-e69d76f65112,"### Technical Interview Question: # 1. What is the output of below code

**Role**: Frontend Developer | **Topic**: JavaScript Core & DOM | **Difficulty**: Hard

#### Technical Explanation & Model Answ","### Technical Interview Question: # 3. What is the output of below code

**Role**: Frontend Developer | **Topic**: JavaScript Core & DOM | **Difficulty**: Hard

#### Technical Explanation & Model Answ","Q_Sim: 1.00, A_Sim: 0.00",0.0
DUPLICATE,2eebdd6a-281f-4a79-89e6-50c721876672,1553999b-1f82-4e50-8b27-c3f1580109f1,"### Technical Interview Question: # 1. What is the output of below code

**Role**: Frontend Developer | **Topic**: JavaScript Core & DOM | **Difficulty**: Hard

#### Technical Explanation & Model Answ","### Technical Interview Question: # 7. What is the output of below code

**Role**: Frontend Developer | **Topic**: JavaScript Core & DOM | **Difficulty**: Hard

#### Technical Explanation & Model Answ","Q_Sim: 1.00, A_Sim: 0.00",0.0
DUPLICATE,2eebdd6a-281f-4a79-89e6-50c721876672,636b8a13-0660-4823-bfb4-42660864a71e,"### Technical Interview Question: # 1. What is the output of below code

**Role**: Frontend Developer | **Topic**: JavaScript Core & DOM | **Difficulty**: Hard

#### Technical Explanation & Model Answ","### Technical Interview Question: # 9. What is the output of below code

**Role**: Frontend Developer | **Topic**: JavaScript Core & DOM | **Difficulty**: Hard

#### Technical Explanation & Model Answ","Q_Sim: 1.00, A_Sim: 0.00",0.0
DUPLICATE,2eebdd6a-281f-4a79-89e6-50c721876672,b3415d54-221a-4a55-9d34-e601d2d653b3,"### Technical Interview Question: # 1. What is the output of below code

**Role**: Frontend Developer | **Topic**: JavaScript Core & DOM | **Difficulty**: Hard

#### Technical Explanation & Model Answ","### Technical Interview Question: # 2. What is the output of below code

**Role**: Frontend Developer | **Topic**: JavaScript Core & DOM | **Difficulty**: Hard

#### Technical Explanation & Model Answ","Q_Sim: 1.00, A_Sim: 0.00",0.0
DUPLICATE,77fc25cd-bfea-4c0c-809d-30dcf30ba018,cd67aca3-9058-47c8-8641-bd64ecd8f428,Explain how API Gateway operates in the context of Server Architecture & Microservices. What are the primary trade-offs when choosing this approach over standard alternatives in Backend Developer appl,Explain how API Gateway operates in the context of Server Architecture & Microservices. What are the primary trade-offs when choosing this approach over standard alternatives in Backend Developer appl,"Q_Sim: 1.00, A_Sim: 0.00",0.0
DUPLICATE,77fc25cd-bfea-4c0c-809d-30dcf30ba018,3051560e-8d40-4bc9-80ee-a439ce4d716e,Explain how API Gateway operates in the context of Server Architecture & Microservices. What are the primary trade-offs when choosing this approach over standard alternatives in Backend Developer appl,Explain how API Gateway operates in the context of Server Architecture & Microservices. What are the primary trade-offs when choosing this approach over standard alternatives in Backend Developer appl,"Q_Sim: 1.00, A_Sim: 0.00",0.0
DUPLICATE,b8c5c1da-b5ea-49c7-b3e6-2ca26f7527fe,9b74c2f1-ca28-4edd-a513-15b30431b10a,Explain how TLS/SSL termination operates in the context of HTTP/HTTPS & Networking. What are the primary trade-offs when choosing this approach over standard alternatives in Backend Developer applicat,Explain how TLS/SSL termination operates in the context of HTTP/HTTPS & Networking. What are the primary trade-offs when choosing this approach over standard alternatives in Backend Developer applicat,"Q_Sim: 1.00, A_Sim: 0.00",0.0
DUPLICATE,b8c5c1da-b5ea-49c7-b3e6-2ca26f7527fe,13987941-9f23-4e80-9f6d-50fbed1137b0,Explain how TLS/SSL termination operates in the context of HTTP/HTTPS & Networking. What are the primary trade-offs when choosing this approach over standard alternatives in Backend Developer applicat,Explain how TLS/SSL termination operates in the context of HTTP/HTTPS & Networking. What are the primary trade-offs when choosing this approach over standard alternatives in Backend Developer applicat,"Q_Sim: 1.00, A_Sim: 0.00",0.0
DUPLICATE,6cef6da3-7247-4f27-9ad7-54793d0162d7,46e7a5d1-ec93-40cf-a137-77625377c330,Explain how Grid operates in the context of CSS3 & Modern Styling. What are the primary trade-offs when choosing this approach over standard alternatives in Frontend Developer applications?,Explain how Grid operates in the context of CSS3 & Modern Styling. What are the primary trade-offs when choosing this approach over standard alternatives in Frontend Developer applications?,"Q_Sim: 1.00, A_Sim: 0.00",0.0
DUPLICATE,cd650d20-146e-474a-94d9-25cfa2cd372a,966fb961-dfca-439e-ac1e-0e605445de86,Explain how Mutex operates in the context of Concurrency & Async Processing. What are the primary trade-offs when choosing this approach over standard alternatives in Backend Developer applications?,Explain how Mutex operates in the context of Concurrency & Async Processing. What are the primary trade-offs when choosing this approach over standard alternatives in Backend Developer applications?,"Q_Sim: 1.00, A_Sim: 0.00",0.0
DUPLICATE,6fad2b13-313a-44cd-ad14-244f2ec80ab3,f1aca828-e0f3-4d40-8f0f-76d4660e10c8,Explain how Rate limiter with sliding window operates in the context of API Logic & Middleware. What are the primary trade-offs when choosing this approach over standard alternatives in Backend Develo,Explain how Rate limiter with sliding window operates in the context of API Logic & Middleware. What are the primary trade-offs when choosing this approach over standard alternatives in Backend Develo,"Q_Sim: 1.00, A_Sim: 0.00",0.0
DUPLICATE,26621621-0856-4600-82a5-44a373014dee,3c38b3bb-a5b0-4a8a-b140-021ca8a23c41,Explain how JWT authentication middleware operates in the context of API Logic & Middleware. What are the primary trade-offs when choosing this approach over standard alternatives in Backend Developer,Explain how JWT authentication middleware operates in the context of API Logic & Middleware. What are the primary trade-offs when choosing this approach over standard alternatives in Backend Developer,"Q_Sim: 1.00, A_Sim: 0.00",0.0
DUPLICATE,b6b7912e-12c7-4a88-ae76-67064b6346eb,e310f07d-8d7f-4321-a155-5834298d66ef,Explain how Token refresh rotation operates in the context of API Logic & Middleware. What are the primary trade-offs when choosing this approach over standard alternatives in Backend Developer applic,Explain how Token refresh rotation operates in the context of API Logic & Middleware. What are the primary trade-offs when choosing this approach over standard alternatives in Backend Developer applic,"Q_Sim: 1.00, A_Sim: 0.00",0.0
DUPLICATE,b6b7912e-12c7-4a88-ae76-67064b6346eb,5f7b6f6c-0284-47ec-b273-4e781beb48f2,Explain how Token refresh rotation operates in the context of API Logic & Middleware. What are the primary trade-offs when choosing this approach over standard alternatives in Backend Developer applic,Explain how Token refresh rotation operates in the context of API Logic & Middleware. What are the primary trade-offs when choosing this approach over standard alternatives in Backend Developer applic,"Q_Sim: 1.00, A_Sim: 0.00",0.0
DUPLICATE,e310f07d-8d7f-4321-a155-5834298d66ef,5f7b6f6c-0284-47ec-b273-4e781beb48f2,Explain how Token refresh rotation operates in the context of API Logic & Middleware. What are the primary trade-offs when choosing this approach over standard alternatives in Backend Developer applic,Explain how Token refresh rotation operates in the context of API Logic & Middleware. What are the primary trade-offs when choosing this approach over standard alternatives in Backend Developer applic,"Q_Sim: 1.00, A_Sim: 0.00",0.0
